niche,title
ADHD,Focus Sprint Session Log
ADHD,Time Block Day Map
ADHD,Task Breakdown Action Steps
ADHD,Morning Launch Routine Card
ADHD,Evening Shutdown Checklist
ADHD,Distraction Trigger Tracker
ADHD,Brain Dump Inbox Sheets
ADHD,Study Session Pomodoro Tracker
ADHD,Work Deep Focus Scorecard
ADHD,Weekly Priority Reset Planner
ADHD,Next Action Decision Tree
ADHD,Errand Batch Route Planner
ADHD,Habit Streak Mini Calendar
ADHD,Meeting Notes Follow Up Grid
ADHD,Visual Timer Schedule Strip
BUDGET,Monthly Budget Dashboard Sheet
BUDGET,Weekly Spending Snapshot Log
BUDGET,Expense Category Envelope Tracker
BUDGET,Sinking Funds Contribution Planner
BUDGET,Bills Due Date Calendar
BUDGET,Subscription Renewal Tracker
BUDGET,Income Paycheck Tracker
BUDGET,Savings Goal Ladder Chart
BUDGET,Debt Snowball Payment Planner
BUDGET,Debt Avalanche Payment Planner
BUDGET,No Spend Challenge Calendar
BUDGET,Annual Money Overview Planner
BUDGET,Quarterly Budget Review Worksheet
BUDGET,Cash Flow Forecast Worksheet
BUDGET,Receipt Capture Expense Log